EpochNumber,TrainAveragePerlplexity,ValAveragePerlplexity
1,43.58209991455078,53.46566390991211
2,32.10163116455078,51.4095573425293
